Adrián López <alopez@smartvel.com>
Alessandro Pasotti <apasotti@gmail.com>
Andrea Tosatto <andrea.tosy@gmail.com>
Antonis Kanouras <antonis@metadosis.eu>
Arsen Mamikonyan <arsen@locu.com>
Arsen Mamikonyan <arsen@mamikonyan.am>
avdd <Adrian Dries avdd@modernnoise.com>
Benjamin Henne <henne@dcsec.uni-hannover.de>
Benjamin Trigona-Harany <bosth@alumni.sfu.ca>
Benjamin Trigona-Harany <bosth@boundlessgeo.com>
Benoit Grégoire <benoitg@coeus.ca>
Brian Beck
crccheck <c@crccheck.com>
Dale <dale@puredistortion.com>
Danny Finkelstein <danfinkelstein@cfl.rr.com>
Dave Arter <dave@minus-zero.org>
David Gilman <davidgilman1@gmail.com>
Demeter Sztanko <Demeter Sztanko>
Dody Suria Wijaya <dodysw@gmail.com>
dutko.adam
Emile Aben <emileaben@gmail.com>
Eric Palakovich Carr <carreric@gmail.com>
Fabien Reboia <srounet@gmail.com>
Feanil Patel <feanil@gmail.com>
gary.bernhardt
Gregory Nicholas <nicholas.g.gregory@gmail.com>
groovecoder <luke.crouch@gmail.com>
Ian Wilson <ian.owings@gmail.com>
ijl <uijllji@gmail.com>
ironfroggy@gmail.com <ironfroggy@gmail.com>
Isaac Sijaranamual <isaacsijaranamual@gmail.com>
James Maddox <jhmaddox@gmail.com>
James Mills <j.mills@griffith.edu.au>
jhmaddox <jhmaddox@gmail.com>
John.L.Clark
Jonathan Batchelor <jmb@thebatchelors.net>
Jordan Bouvier <jbouvier@gmail.com>
Luke Hubbard <luke@codegent.com>
Marc-Olivier Titeux <marcoliviertiteux@gmail.com>
Marco Milanesi <kpanic@gmail.com>
Martin <spatialbits@posteo.net>
michal
Mike Tigas <mike@tig.as>
Mike Toews <mwtoews@gmail.com>
navidata <kontakt@navidata.pl>
nucflash <tsagias@gmail.com>
Oskar Hollmann <oskarhollmann@gmail.com>
Pavel <pppessoas@gmail.com>
Paweł Mandera <pawel.mandera@ugent.be>
Peter Gullekson <peter11235@gmail.com>
Philip Kimmey <philip.kimmey@gmail.com>
Risent Zhang <shengqi542@gmail.com>
Rocky Meza <rocky@fusionbox.com>
Ryan Nagle <rnagle@tribune.com>
Sebastian Neubauer <sebineubauer@gmail.com>
Thomas <thomas_gratier@yahoo.fr>
tristan <tristanhomsi@gmail.com>
willr <willr@plotwatt.com>
